{
    "Tests": [
        {
            "Angle": 30.041257383021037,
            "Metrics": {
                "SSIM": 0.7708076950652547,
                "Err_score": 1.6231677247672395e-19,
                "Art_score": 0.32720491229186965,
                "KT": 0.2980146102590029,
                "Transform_ratio": 0.9739782930313233,
                "Smooth_trans_ratio": 0.9743139399770266,
                "Delta_altitude": 0.10000000000002274,
                "Artifact_count": 1895902
            }
        }
    ]
}